{
  "train_loop_config": {
    "dropout_p": 0.3196499853254293,
    "lr": 8.282213430741876e-05,
    "lr_factor": 0.20976351896313342,
    "lr_patience": 3.883489611967672
  }
}